Centro Comercial,CP,Latitude,Longitude
"Centro comercial Mediterráneo, andalucia, España",4009.0,36.8542872,-2.4471993
"Centro comercial Carrefour Almería, andalucia, España",4006.0,36.8411848,-2.4443906
"Centro comercial Torrecárdenas, andalucia, España",4009.0,36.8602143,-2.4447288
"Centro comercial Copo, andalucia, España",4700.0,36.7524419,-2.8065391
"Centro comercial Gran Plaza, andalucia, España",4740.0,36.7744239,-2.6134359
"Centro comercial Viapark Vícar, andalucia, España",4721.0,36.8160533,-2.6002355
"Centro comercial Las Palomas, andalucia, España",11204.0,36.1428511,-5.463750699999999
"Centro comercial Puerta Europa, andalucia, España",11203.0,36.1350785,-5.4624938
"Centro comercial Plaza de Andalucía, andalucia, España",11202.0,36.1327822,-5.4517739
"Centro comercial Las tiendas de Arcos de la frontera, andalucia, España",11630.0,36.7560042,-5.8116522
"Centro comercial Bahía Mar, andalucia, España",11500.0,36.5924285,-6.2211646
"Centro comercial El Paseo, andalucia, España",11500.0,36.6162231,-6.2125221
"Centro comercial Área Sur, andalucia, España",11408.0,36.6915297,-6.1557897
"Centro comercial Carrefour Jerez Sur, andalucia, España",11408.0,36.6722196,-6.1506108
"Centro comercial Luz Shopping, andalucia, España",11408.0,36.6937482,-6.1598999
"Centro comercial Carrefour Jerez Norte, andalucia, España",11405.0,36.695648,-6.1155347
"Centro comercial Merca-80 San Benito, andalucia, España",11407.0,36.6967037,-6.135095199999999
"Centro comercial Gran Sur, andalucia, España",11300.0,36.1737129,-5.3628021
"Centro comercial Carrefour Los Barrios, andalucia, España",11370.0,36.1803298,-5.441682699999999
"Centro comercial Puerta de Chiclana, andalucia, España",11130.0,36.442903,-6.1425681
"Centro comercial Bahía Sur, andalucia, España",11100.0,36.470932,-6.2087013
"Centro comercial San Fernando Plaza, andalucia, España",11100.0,36.4627009,-6.2031236
"Centro comercial Las Dunas, andalucia, España",11540.0,36.7500906,-6.3382846
"Centro comercial Multiocio Sanlúcar, andalucia, España",11540.0,36.7725774,-6.3529689
"Centro comercial Carrefour Baena, andalucia, España",14850.0,37.62224820000001,-4.3078835
"Centro comercial Carrefour Zahira Córdoba, andalucia, España",14014.0,37.8938767,-4.7473388
"Centro comercial El Arcángel, andalucia, España",14010.0,37.8787857,-4.766205999999999
"Centro comercial La Sierra, andalucia, España",14011.0,37.8960663,-4.7915244
"Centro comercial Zoco Córdoba, andalucia, España",14005.0,37.880238,-4.798321
"Centro comercial Carrefour Lucena, andalucia, España",14900.0,37.4148919,-4.506988199999999
"Centro comercial Alcampo Granada, andalucia, España",18013.0,37.172228,-3.602215799999999
"Centro comercial Nevada Shopping, andalucia, España",18100.0,37.1453493,-3.6156595
"Centro comercial Carrefour Granada, andalucia, España",18006.0,37.1545523,-3.6084391
"Centro comercial Neptuno, andalucia, España",18004.0,37.1689375,-3.607386
"Centro comercial Alhsur, andalucia, España",18140.0,37.1291562,-3.5848924
"Centro comercial Alcampo Motril, andalucia, España",18600.0,36.7418157,-3.5292593
"Centro comercial Carrefour Pulianas, andalucia, España",18197.0,37.2129574,-3.6175468
"Centro comercial La Plaza de Ayamonte, andalucia, España",21400.0,37.2216667,-7.398611099999999
"Centro comercial Carrefour Cartaya, andalucia, España",21450.0,37.2897583,-7.1401768
"Centro comercial Aqualón Puerto Huelva, andalucia, España",21002.0,37.26147479999999,-6.960199299999999
"Centro comercial Holea, andalucia, España",21007.0,37.271989,-6.9197195
"Centro comercial Marismas del Polvorín (parque comercial), andalucia, España",21007.0,37.2537793,-6.9329277
"Centro comercial Islantilla, andalucia, España",21449.0,37.2048098,-7.2365768
"Centro comercial Punta Almenara, andalucia, España",21100.0,37.1886537,-6.9798214
"Centro comercial Carrefour Andújar, andalucia, España",23740.0,38.0380973,-4.0390514
"Centro comercial La Loma, andalucia, España",23009.0,37.781776,-3.767278
"Centro comercial Alcampo Linares, andalucia, España",23700.0,38.0882814,-3.6465031
"Centro comercial Carrefour Úbeda, andalucia, España",23400.0,38.0162284,-3.381266
"Centro comercial La Verónica, andalucia, España",29200.0,37.0260026,-4.5721492
"Centro comercial Puerto Marina Shoping, andalucia, España",29630.0,36.5972176,-4.5146809
"Centro comercial La Trocha, andalucia, España",29100.0,36.6745626,-4.7332493
"Centro comercial Carrefour Estepona, andalucia, España",29680.0,36.416729,-5.1593632
"Centro comercial Miramar, andalucia, España",29640.0,36.529064,-4.632325
"Centro comercial Bahía Azul (Parque comercial), andalucia, España",29004.0,36.659571,-4.482679
"Centro comercial Carrefour Alameda, andalucia, España",29007.0,36.7151972,-4.455365
"Centro comercial Carrefour Los Patios, andalucia, España",29004.0,36.6865415,-4.4591622
"Centro comercial Larios Centro, andalucia, España",29002.0,36.7148043,-4.432423
"Centro comercial Málaga Nostrum (Parque comercial), andalucia, España",29004.0,36.6862094,-4.471151
"Centro comercial Málaga Plaza, andalucia, España",29007.0,36.7185453,-4.4287448
"Centro comercial Plaza Mayor, andalucia, España",29004.0,36.6567922,-4.4788456
"Centro comercial Rosaleda, andalucia, España",29011.0,36.7343332,-4.432036
"Centro comercial Vialia Estación María Zambrano, andalucia, España",29002.0,36.7118463,-4.4311751
"Centro comercial La Cañada, andalucia, España",29600.0,36.5212264,-4.8745305
"Centro comercial Marina Banús, andalucia, España",29660.0,36.4899372,-4.9520544
"Centro comercial Plaza del Mar, andalucia, España",29602.0,36.5069868,-4.8891038
"Centro comercial Parque Miramar de Mijas (Parque comercial), andalucia, España",29649.0,36.5362633,-4.6345224
"Centro comercial Rincón de la Victoria, andalucia, España",29720.0,36.7235638,-4.312798
"Centro comercial El Ingenio, andalucia, España",29700.0,36.7550795,-4.100448399999999
"Centro comercial Los Alcores, andalucia, España",41500.0,37.3512016,-5.8579091
"Centro comercial Parque Guadaira, andalucia, España",41500.0,37.354252,-5.8591234
"Centro comercial MegaOcio, andalucia, España",41930.0,37.3801368,-6.0722882
"Centro comercial Carrefour Camas/Aljarafe, andalucia, España",41900.0,37.3922149,-6.0305949
"Centro comercial Vega del Rey, andalucia, España",41900.0,37.3871184,-6.0285644
"Centro comercial Airesur, andalucia, España",41950.0,37.3850871,-6.0473586
"Centro comercial Carrefour Dos Hermanas, andalucia, España",41700.0,37.2834617,-5.9384008
"Centro comercial Sevilla Factory, andalucia, España",41001.0,37.3890439,-5.9948526
"Centro comercial Las Torres, andalucia, España",41400.0,37.5375,-5.0730556
"Centro comercial N-4, andalucia, España",41400.0,37.5312108,-5.0864159
"Centro comercial Sevilla Aeropuerto The Style Outlets, andalucia, España",41001.0,37.3890439,-5.9948526
"Centro comercial Metromar, andalucia, España",41927.0,37.3502362,-6.0512162
"Centro comercial Carrefour San Juan de Aznalfarache, andalucia, España",41920.0,37.36730850000001,-6.0355778
"Centro comercial Torre Sevilla, andalucia, España",41092.0,37.3914354,-6.010177499999999
"Centro comercial Alcampo Sevilla, andalucia, España",41001.0,37.3890439,-5.9948526
"Centro comercial Carrefour Macarena, andalucia, España",41020.0,37.4176868,-5.9740366
"Centro comercial Carrefour Montequinto, andalucia, España",41013.0,37.3533595,-5.952662900000001
"Centro comercial Carrefour San Pablo, andalucia, España",41020.0,37.4072222,-5.9394444
"Centro comercial Los Arcos, andalucia, España",41007.0,37.3881977,-5.9604342
"Centro comercial Nervión Plaza, andalucia, España",41005.0,37.3841709,-5.9721551
"Centro comercial Plaza de Armas, andalucia, España",41001.0,37.3916246,-6.002566
"Centro comercial Viapol Center, andalucia, España",41013.0,37.3761321,-5.9763883
"Centro comercial Lagoh, andalucia, España",41012.0,37.3424096,-5.9873541
"Centro comercial Almazara Plaza, andalucia, España",41710.0,37.2028745,-5.8037206
"Centro comercial Los Molinos, andalucia, España",41710.0,37.1898751,-5.7892125
"Centro comercial ARCCA, la-rioja, España",26500.0,42.3052778,-1.9613889
"Centro comercial Eroski Calahorra, la-rioja, España",26500.0,42.3115501,-1.9793108
"Centro comercial Berceo, la-rioja, España",26006.0,42.46286420000001,-2.4205316
"Centro comercial Parque Rioja, la-rioja, España",26006.0,42.4527365,-2.4690377
"Centro comercial Gorbeia, pais-vasco, España",1196.0,42.9110655,-2.7123328
"Centro comercial Denderaba, pais-vasco, España",48112.0,43.3795696,-2.8672484
"Centro comercial El Boulevard, pais-vasco, España",1013.0,42.86152,-2.66749
"Centro comercial Lakua Centro, pais-vasco, España",1010.0,42.8611995,-2.6925445
"Centro comercial Niessen, pais-vasco, España",20100.0,43.3143821,-1.9006623
"Centro comercial Mendibil, pais-vasco, España",20302.0,43.3405741,-1.7920908
"Centro comercial Txingudi, pais-vasco, España",20305.0,43.3199232,-1.835186
"Centro comercial Carrefour Oiartzun San Sebastián, pais-vasco, España",20180.0,43.3145872,-1.8785754
"Centro comercial Mamut Oiartzun, pais-vasco, España",20180.0,43.301569,-1.883185
"Centro comercial Carrefour Goierri, pais-vasco, España",20212.0,43.0335458,-2.2174635
"Centro comercial Arcco Amara, pais-vasco, España",20011.0,43.305321,-1.973505
"Centro comercial Garbera, pais-vasco, España",20017.0,43.3085408,-1.9454267
"Centro comercial La Bretxa, pais-vasco, España",20003.0,43.323208,-1.9826079
"Centro comercial Nuevo Mercado San Martín, pais-vasco, España",20006.0,43.3181794,-1.9830682
"Centro comercial Urbil, pais-vasco, España",20170.0,43.2757377,-2.0239702
"Centro comercial Eroski Abadiño, pais-vasco, España",48220.0,43.1712303,-2.6167588
"Centro comercial Carrefour Erandio, pais-vasco, España",48950.0,43.3016352,-2.9535007
"Centro comercial Max Center, pais-vasco, España",48903.0,43.2892301,-3.0078776
"Centro comercial Megapark Barakaldo, pais-vasco, España",48903.0,43.2898375,-3.004013
"Centro comercial Bilbondo, pais-vasco, España",48970.0,43.2287366,-2.8752908
"Centro comercial Bidarte, pais-vasco, España",48014.0,43.2715438,-2.9486983
"Centro comercial Zubiarte, pais-vasco, España",48011.0,43.26759999999999,-2.9402272
"Centro comercial Artea, pais-vasco, España",48940.0,43.3420037,-2.9912532
"Centro comercial Eroski Leioa, pais-vasco, España",48940.0,43.317755,-2.974221
"Centro comercial Ballonti, pais-vasco, España",48920.0,43.3119689,-3.0221944
"Centro comercial Carrefour Sestao, pais-vasco, España",48910.0,43.3010166,-3.0034579
"Centro comercial La Morea, navarra, España",31191.0,42.7844331,-1.6315019
"Centro comercial Itaroa, navarra, España",31620.0,42.8285275,-1.5841026
"Centro comercial Carrefour Pamplona, navarra, España",31008.0,42.8064687,-1.6729612
"Centro comercial Iruña, navarra, España",31013.0,42.8341093,-1.6799979
"Centro comercial Carrefour Tudela, navarra, España",31500.0,42.0430857,-1.6207226
"Centro comercial Puente de la Ribera, navarra, España",31500.0,42.0354772,-1.5892701
"Centro comercial Las Cañas, navarra, España",31230.0,42.4762895,-2.39724
"Centro comercial Águilas Plaza, region-murcia, España",30880.0,37.4110271,-1.5642023
"Centro comercial Carrefour Cartagena, region-murcia, España",30203.0,37.6080955,-0.9753429999999998
"Centro comercial Espacio Mediterráneo, region-murcia, España",30353.0,37.6258175,-0.9492048999999999
"Centro comercial La Rambla , region-murcia, España",30205.0,37.6137701,-1.0053746
"Centro comercial Thader, region-murcia, España",30110.0,38.032101,-1.149177
"Centro comercial Nueva Condomina, region-murcia, España",30110.0,38.03879939999999,-1.1479723
"Centro comercial La Noria Murcia Outlet Shopping, region-murcia, España",30830.0,37.9979897,-1.1887187
"Centro comercial Parque Almenara, region-murcia, España",30813.0,37.6349335,-1.6998104
"Centro comercial San Diego, region-murcia, España",30800.0,37.67865800000001,-1.691113
"Centro comercial Las Velas, region-murcia, España",30710.0,37.7637166,-0.8337296999999999
"Centro comercial Eroski Molina de Segura CERRADO, region-murcia, España",30500.0,38.0656433,-1.2196899
"Centro comercial Family Cash Molina de Segura, region-murcia, España",30500.0,38.0656299,-1.2195867
"Centro comercial Vega Plaza, region-murcia, España",30500.0,38.055496,-1.217351
"Centro comercial Atalayas, region-murcia, España",30007.0,37.9920889,-1.1131346
"Centro comercial Carrefour Zaraíche, region-murcia, España",30009.0,38.0015999,-1.142566
"Centro comercial Eroski Infante, region-murcia, España",30011.0,37.9813003,-1.1142246
"Centro comercial Dos Mares, region-murcia, España",30730.0,37.8198075,-0.8135623
"Centro comercial Alcalá Magna, comunidad-madrid, España",28805.0,40.4950347,-3.359517
"Centro comercial Carrefour Alcalá de Henares, comunidad-madrid, España",28805.0,40.50359419999999,-3.3708166
"Centro comercial Quadernillos, comunidad-madrid, España",28805.0,40.5055884,-3.3330798
"Centro comercial El Val, comunidad-madrid, España",28804.0,40.4851851,-3.3476247
"Centro comercial La Dehesa, comunidad-madrid, España",28805.0,40.5017366,-3.334407
"Centro comercial La Dehesa parque comercial, comunidad-madrid, España",28805.0,40.5017366,-3.334407
"Centro comercial Carrefour Alcobendas, comunidad-madrid, España",28108.0,40.5274248,-3.6500178
"Centro comercial Dolce Vita Gran Manzana, comunidad-madrid, España",28100.0,40.5479812,-3.6402332
"Centro comercial El Bulevar, comunidad-madrid, España",28109.0,40.5271716,-3.621422099999999
"Centro comercial Heron Diversia, comunidad-madrid, España",28108.0,40.5304025,-3.6385163
"Centro comercial La Vega, comunidad-madrid, España",28108.0,40.5347222,-3.6372222
"Centro comercial Moraleja Green, comunidad-madrid, España",28108.0,40.5193609,-3.6572231
"Centro comercial Rionorte, comunidad-madrid, España",28108.0,40.5313204,-3.6455417
"Centro comercial Parque Oeste Alcorcón, comunidad-madrid, España",28922.0,40.3461462,-3.8538259
"Centro comercial TresAguas, comunidad-madrid, España",28922.0,40.35828619999999,-3.8318809
"Centro comercial X-MADRID, comunidad-madrid, España",28922.0,40.3406504,-3.847674399999999
"Centro comercial El Deleite, comunidad-madrid, España",28300.0,40.0239618,-3.617376299999999
"Centro comercial Intu Xanadú, comunidad-madrid, España",28939.0,40.29960579999999,-3.9261572
"Centro comercial El Palacio, comunidad-madrid, España",28660.0,40.408978,-3.880272
"Centro comercial Los Valles, comunidad-madrid, España",28400.0,40.6358675,-4.0078957
"Centro comercial Planetocio, comunidad-madrid, España",28400.0,40.6372869,-4.0174807
"Centro comercial El Ventanal de la Sierra, comunidad-madrid, España",28770.0,40.6589299,-3.7540567
"Centro comercial La Rambla, comunidad-madrid, España",28820.0,40.4245186,-3.5438532
"Centro comercial Carrefour Pinar de las Rozas, comunidad-madrid, España",28230.0,40.5239909,-3.8840357
"Centro comercial Sexta Avenida, comunidad-madrid, España",28023.0,40.4677758,-3.8152648
"Centro comercial Fuenlabrada 2, comunidad-madrid, España",28943.0,40.2835303,-3.8096021
"Centro comercial Plaza Loranca 2, comunidad-madrid, España",28942.0,40.3032474,-3.8317451
"Centro comercial Plaza de la Estación, comunidad-madrid, España",28943.0,40.2838644,-3.802527
"Centro comercial Bulevar Getafe, comunidad-madrid, España",28903.0,40.3263217,-3.7203798
"Centro comercial Getafe 3, comunidad-madrid, España",28905.0,40.2962479,-3.746688
"Centro comercial Nassica, comunidad-madrid, España",28906.0,40.2721671,-3.6973374
"Centro comercial Burgocentro, comunidad-madrid, España",28231.0,40.4896573,-3.8755898
"Centro comercial Factory Madrid Las Rozas, comunidad-madrid, España",28232.0,40.5242009,-3.8843042
"Centro comercial Heron City Madrid, comunidad-madrid, España",28232.0,40.51624289999999,-3.8981726
"Centro comercial Las Rozas Village, comunidad-madrid, España",28232.0,40.5242009,-3.8843042
"Centro comercial Zoco Las Rozas, comunidad-madrid, España",28232.0,40.5181213,-3.922818
"Centro comercial Parquesur, comunidad-madrid, España",28916.0,40.3401454,-3.7331842
"Centro comercial Sambil Outlet, comunidad-madrid, España",28917.0,40.3589933,-3.7751156
"Centro comercial Plaza Nueva, comunidad-madrid, España",28918.0,40.3447581,-3.7574417
"Centro comercial ABC Serrano, comunidad-madrid, España",28006.0,40.4323844,-3.6871238
"Centro comercial Albufera Plaza, comunidad-madrid, España",28038.0,40.3921542,-3.656029499999999
"Centro comercial Alcalá Norte, comunidad-madrid, España",28027.0,40.4369798,-3.6382137
"Centro comercial Alcampo Moratalaz, comunidad-madrid, España",28030.0,40.4120436,-3.6606455
"Centro comercial Alcampo Pío XII, comunidad-madrid, España",28016.0,40.4627244,-3.6750523
"Centro comercial Alcampo Vallecas, comunidad-madrid, España",28038.0,40.3931702,-3.654663
"Centro comercial Arturo Soria Plaza, comunidad-madrid, España",28043.0,40.4500796,-3.6513042
"Centro comercial La Ermita, antiguo Barrio Art Decó, comunidad-madrid, España",28011.0,40.4070365,-3.7258842
"Centro comercial Carrefour Los Ángeles, comunidad-madrid, España",28041.0,40.3623313,-3.6917541
"Centro comercial Colombia, comunidad-madrid, España",28033.0,40.4721279,-3.6364544
"Centro comercial Dreams Palacio de Hielo, comunidad-madrid, España",28043.0,40.4631031,-3.6369464
"Centro comercial El Jardín de Serrano CERRADO, comunidad-madrid, España",28001.0,40.4250924,-3.6869967
"Centro comercial Gran Vía de Hortaleza, comunidad-madrid, España",28043.0,40.4695711,-3.6410582
"Centro comercial Islazul, comunidad-madrid, España",28054.0,40.3637111,-3.737494
"Centro comercial La Esquina del Bernabeu, comunidad-madrid, España",28036.0,40.4523989,-3.6867526
"Centro comercial La Gavia, comunidad-madrid, España",28051.0,40.3691542,-3.5991247
"Centro comercial La Vaguada, comunidad-madrid, España",28029.0,40.479707,-3.7072056
"Centro comercial Las Rosas, comunidad-madrid, España",28032.0,40.418737,-3.62096
"Centro comercial Madrid Sur, comunidad-madrid, España",28018.0,40.380979,-3.663015
"Centro comercial Moda Shopping, comunidad-madrid, España",28020.0,40.45127919999999,-3.6926706
"Centro comercial Montecarmelo, comunidad-madrid, España",28034.0,40.5102592,-3.6902004
"Centro comercial Plaza de Aluche, comunidad-madrid, España",28044.0,40.3864175,-3.764143099999999
"Centro comercial Plaza Río 2, comunidad-madrid, España",28026.0,40.3908753,-3.7014217
"Centro comercial Plenilunio, comunidad-madrid, España",28022.0,40.446969,-3.587343
"Centro comercial Príncipe Pío, comunidad-madrid, España",28008.0,40.4217905,-3.720913099999999
"Centro comercial UGC Ciné Cité Manoteras, comunidad-madrid, España",28050.0,40.4860611,-3.6656298
"Centro comercial Valdebernardo, comunidad-madrid, España",28032.0,40.3974352,-3.618535199999999
"Centro comercial Retail Parks Las Rejas, comunidad-madrid, España",28022.0,40.446969,-3.587343
"Centro comercial Centro Oeste, comunidad-madrid, España",28222.0,40.4524886,-3.8683139
"Centro comercial Equinoccio, comunidad-madrid, España",28222.0,40.4548816,-3.8747421
"Centro comercial Milenium, comunidad-madrid, España",28947.0,40.2674987,-3.7536519
"Centro comercial Carrefour Móstoles, comunidad-madrid, España",28935.0,40.3301413,-3.8870801
"Centro comercial Miramadrid, comunidad-madrid, España",28860.0,40.5027175,-3.5147195
"Centro comercial El Ferial, comunidad-madrid, España",28982.0,40.2408632,-3.755832299999999
"Centro comercial Parla Natura, comunidad-madrid, España",28983.0,40.2415569,-3.7560472
"Centro comercial Plaza Éboli, comunidad-madrid, España",28320.0,40.2405633,-3.6908504
"Centro comercial Carrefour Ciudad de la Imagen, comunidad-madrid, España",28223.0,40.3983543,-3.7834818
"Centro comercial Kinépolis Madrid, comunidad-madrid, España",28223.0,40.3938727,-3.79677
"Centro comercial Monteclaro, comunidad-madrid, España",28223.0,40.4424151,-3.8456171
"Centro comercial Zielo Shopping, comunidad-madrid, España",28224.0,40.4413409,-3.783985299999999
"Centro comercial Zoco Pozuelo, comunidad-madrid, España",28223.0,40.4193347,-3.7969419
"Centro comercial Carrefour Parque Rivas, comunidad-madrid, España",28522.0,40.34099399999999,-3.536185
"Centro comercial Rivas Centro, comunidad-madrid, España",28522.0,40.3557574,-3.5473023
"Centro comercial Rivas Futura, comunidad-madrid, España",28521.0,40.3368195,-3.5309656
"Centro comercial Carrefour San Fernando, comunidad-madrid, España",28830.0,40.450569,-3.5298561
"Centro comercial S.S. de los Reyes The Style Outlets, comunidad-madrid, España",28702.0,40.567782,-3.6092157
"Centro comercial Carrefour S.S. de los Reyes, comunidad-madrid, España",28703.0,40.5415939,-3.6148037
"Centro comercial Plaza Norte 2, comunidad-madrid, España",28703.0,40.5408496,-3.613513
"Centro comercial Oasiz, comunidad-madrid, España",28850.0,40.4709672,-3.4416845
"Centro comercial El Círculo, comunidad-madrid, España",28850.0,40.4566773,-3.4728892
"Centro comercial Parque Corredor, comunidad-madrid, España",28850.0,40.4764425,-3.4804817
"Centro comercial Espacio Torrelodones, comunidad-madrid, España",28250.0,40.568259,-3.9202654
"Centro comercial Ciudad Tres Cantos, comunidad-madrid, España",28760.0,40.5994444,-3.7094444
"Centro comercial La Rotonda, comunidad-madrid, España",28760.0,40.6056595,-3.7173858
"Centro comercial El Restón, comunidad-madrid, España",28341.0,40.1842704,-3.6787805
"Centro comercial Bergantiños, galicia, España",15107.0,43.2190574,-8.691134
"Centro comercial Finis Terrae, galicia, España",15270.0,42.95582890000001,-9.1909107
"Centro comercial Carrefour La Coruña Alfonso Molina, galicia, España",15008.0,43.3512361,-8.4271276
"Centro comercial Cuatro Caminos, galicia, España",15006.0,43.3545878,-8.4021172
"Centro comercial Marineda City, galicia, España",15008.0,43.34498860000001,-8.427745900000001
"Centro comercial Dolce Vita Coruña, galicia, España",15008.0,43.350164,-8.42994
"Centro comercial Los Cantones Village, galicia, España",15003.0,43.3678235,-8.400216
"Centro comercial Espacio Coruña, galicia, España",15001.0,43.3708345,-8.3959842
"Centro comercial Los Rosales, galicia, España",15011.0,43.3730431,-8.425557099999999
"Centro comercial Alcampo Ferrol, galicia, España",15404.0,43.4920116,-8.2078888
"Centro comercial Porta Nova, galicia, España",15403.0,43.4903524,-8.2228889
"Centro comercial Dolce Vita Odeón, galicia, España",15570.0,43.4898077,-8.2034101
"Centro comercial Carrefour Coristanco, galicia, España",15147.0,43.1956927,-8.723913099999999
"Centro comercial Parque Oleiros, galicia, España",15179.0,43.3217253,-8.316090299999999
"Centro comercial Alcampo Palavea, galicia, España",15009.0,43.3290498,-8.391019499999999
"Centro comercial Área Central, galicia, España",15707.0,42.882611,-8.52761
"Centro comercial As Cancelas, galicia, España",15703.0,42.8891106,-8.526224299999999
"Centro comercial Abella CERRADO TEMPORALMENTE, galicia, España",27004.0,43.015015,-7.573770499999999
"Centro comercial As Termas, galicia, España",27003.0,43.0372726,-7.568758
"Centro comercial Carrefour Lugo, galicia, España",27004.0,43.00474150000001,-7.572683100000001
"Centro comercial Carrefour Orense, galicia, España",32005.0,42.3315707,-7.8629459
"Centro comercial Ponte Vella, galicia, España",32003.0,42.344668,-7.865237100000001
"Centro comercial Ramallosa Siglo XXI, galicia, España",36370.0,42.1172512,-8.8116963
"Centro comercial Deza, galicia, España",36500.0,42.66859729999999,-8.101963999999999
"Centro comercial Pontiñas, galicia, España",36500.0,42.66331659999999,-8.1202956
"Centro comercial A Barca, galicia, España",36005.0,42.435,-8.6536111
"Centro comercial Carrefour Pontevedra, galicia, España",36143.0,42.4177976,-8.645532099999999
"Centro comercial Vialia Estación de Pontevedra, galicia, España",36201.0,42.2348256,-8.7108325
"Centro comercial Outletui, galicia, España",36700.0,42.0409614,-8.6611274
"Centro comercial A Laxe, galicia, España",36202.0,42.2407366,-8.727436899999999
"Centro comercial Alcampo Vigo 1, galicia, España",36201.0,42.238382,-8.7242143
"Centro comercial Alcampo Vigo 2, galicia, España",36201.0,42.238382,-8.7242143
"Centro comercial Camelias, galicia, España",36211.0,42.2214725,-8.7328326
"Centro comercial Gran Vía de Vigo, galicia, España",36210.0,42.220835,-8.7243979
"Centro comercial Meixueiro, galicia, España",36214.0,42.2167925,-8.684971299999999
"Centro comercial Plaza Elíptica, galicia, España",36203.0,42.231472,-8.7207708
"Centro comercial Travesía de Vigo, galicia, España",36207.0,42.2434671,-8.695822399999999
"Centro comercial Vialia Vigo, galicia, España",36201.0,42.2348256,-8.7108325
"Centro comercial Arousa, galicia, España",36600.0,42.5920243,-8.7684531
"Centro comercial Las tiendas de Almendralejo, extremadura, España",6200.0,38.6914575,-6.4058423
"Centro comercial Carrefour La Granadilla Badajoz , extremadura, España",6011.0,38.867302,-6.9893467
"Centro comercial Carrefour Valverde, extremadura, España",6010.0,38.8604871,-6.9714132
"Centro comercial Conquistadores, extremadura, España",6006.0,38.8833056,-6.9970244
"Centro comercial El Faro, extremadura, España",6006.0,38.8838177,-7.022301499999999
"Centro comercial San Roque parque comercial, extremadura, España",11360.0,36.2104615,-5.384431699999999
"Centro comercial Carrefour Mérida, extremadura, España",6800.0,38.9056758,-6.360370199999999
"Centro comercial Carrefour Villanueva de la Serena, extremadura, España",6700.0,38.97123759999999,-5.8099816
"Centro comercial Carrefour Cáceres, extremadura, España",10005.0,39.4669782,-6.3959239
"Centro comercial Mejostilla, extremadura, España",10004.0,39.4899744,-6.3643554
"Centro comercial Ruta de la Plata, extremadura, España",10005.0,39.4683476,-6.3890359
"Centro comercial Las Tiendas de Navalmoral, extremadura, España",10300.0,39.8935644,-5.5329619
"Centro comercial Carrefour Plasencia, extremadura, España",10600.0,40.038481,-6.0786109
"Centro comercial Family Cash Alcoy, comunidad-valenciana, España",3804.0,38.7129255,-0.4652548
"Centro comercial Alzamora, comunidad-valenciana, España",3802.0,38.69751520000001,-0.4804722
"Centro comercial Eroski Alcoy CERRADO, comunidad-valenciana, España",3804.0,38.7132794,-0.4644324
"Centro comercial Isla de Corfú, comunidad-valenciana, España",3005.0,38.3570302,-0.5059215
"Centro comercial Gran Vía Alicante, comunidad-valenciana, España",3015.0,38.3673204,-0.4694181
"Centro comercial Panoramis, comunidad-valenciana, España",3001.0,38.3380982,-0.4870549
"Centro comercial Parque Vistahermosa, comunidad-valenciana, España",3015.0,38.3701687,-0.4666453
"Centro comercial Plaza Mar 2, comunidad-valenciana, España",3016.0,38.3542578,-0.4728529
"Centro comercial Puerta de Alicante, comunidad-valenciana, España",3007.0,38.34124,-0.5180899999999999
"Centro comercial Plaza Central Calpe, comunidad-valenciana, España",3710.0,38.6459282,0.0488443
"Centro comercial L´Altet, comunidad-valenciana, España",3195.0,38.2724407,-0.5396717
"Centro comercial Carrefour Elche, comunidad-valenciana, España",3293.0,38.2567634,-0.7247705
"Centro comercial L´Aljub, comunidad-valenciana, España",3205.0,38.262315,-0.721
"Centro comercial Carrefour Benidorm Finestrat, comunidad-valenciana, España",3509.0,38.5363699,-0.1755939
"Centro comercial La Marina Finestrat, comunidad-valenciana, España",3509.0,38.5392454,-0.1755165
"Centro comercial Ledua Park, comunidad-valenciana, España",3660.0,38.3884287,-0.756019
"Centro comercial Portal de la Marina, comunidad-valenciana, España",3760.0,38.8183215,0.0236083
"Centro comercial Zenia Boulevard, comunidad-valenciana, España",3189.0,37.9284716,-0.7381409
"Centro comercial Ociopía, comunidad-valenciana, España",3300.0,38.0861128,-0.9525663999999999
"Centro comercial Carrefour Orihuela, comunidad-valenciana, España",3205.0,38.25787649999999,-0.7278001
"Centro comercial Dynamia, comunidad-valenciana, España",3610.0,38.4898613,-0.7783776
"Centro comercial Carrefour Petrer, comunidad-valenciana, España",3610.0,38.4879894,-0.7735696999999999
"Centro comercial Carrefour San Juan, comunidad-valenciana, España",3550.0,38.4057028,-0.4243953
"Centro comercial The Outlet Stores, comunidad-valenciana, España",3690.0,38.3813032,-0.5062468
"Centro comercial Carrefour Torrevieja, comunidad-valenciana, España",3184.0,37.9914455,-0.6867511
"Centro comercial Habaneras, comunidad-valenciana, España",3184.0,37.990204,-0.6868158999999999
"Centro comercial Costa Azahar, comunidad-valenciana, España",12580.0,40.4106883,0.3961177
"Centro comercial Carrefour Castellón, comunidad-valenciana, España",12003.0,39.9839697,-0.019673
"Centro comercial Puerto Azahar, comunidad-valenciana, España",12100.0,39.97256,0.0147294
"Centro comercial Salera, comunidad-valenciana, España",12006.0,39.9789815,-0.0617366
"Centro comercial Carrefour Vila-Real, comunidad-valenciana, España",12540.0,39.9282836,-0.1042435
"Centro comercial Portal del Mediterráneo, comunidad-valenciana, España",12500.0,40.4548574,0.4528300999999999
"Centro comercial Alcampo Alboraya, comunidad-valenciana, España",46128.0,39.5063591,-0.3232325
"Centro comercial Bonaire, comunidad-valenciana, España",46960.0,39.4716041,-0.4887058999999999
"Centro comercial Alfafar park, comunidad-valenciana, España",46910.0,39.4169604,-0.4000294
"Centro comercial MN4, comunidad-valenciana, España",46910.0,39.4159977,-0.3800544
"Centro comercial Carrefour Alzira, comunidad-valenciana, España",46600.0,39.1643069,-0.4298996
"Centro comercial Carrefour Campanar, comunidad-valenciana, España",46015.0,39.4772623,-0.4045477
"Centro comercial Ribera del Xúquer, comunidad-valenciana, España",46740.0,39.127243,-0.4449940000000001
"Centro comercial Bahía de los Naranjos, comunidad-valenciana, España",46004.0,39.4693639,-0.3712034
"Centro comercial Carrefour Gandía, comunidad-valenciana, España",46701.0,38.968032,-0.1844671
"Centro comercial La Vital, comunidad-valenciana, España",46701.0,38.96863889999999,-0.1690407
"Centro comercial Myo, comunidad-valenciana, España",46702.0,38.9574279,-0.1742159
"Centro comercial El Osito, comunidad-valenciana, España",46183.0,39.5775145,-0.5285885
"Centro comercial El Manar, comunidad-valenciana, España",46560.0,39.55371239999999,-0.3025285
"Centro comercial El Teler, comunidad-valenciana, España",46870.0,38.824471,-0.602877
"Centro comercial Carrefour Paterna, comunidad-valenciana, España",46980.0,39.5146672,-0.4402419
"Centro comercial Heron City Valencia, comunidad-valenciana, España",46009.0,39.4812153,-0.3921301
"Centro comercial L’Epicentre, comunidad-valenciana, España",46520.0,39.6715931,-0.2488517
"Centro comercial Carrefour Sagunto, comunidad-valenciana, España",46500.0,39.6714429,-0.246107
"Centro comercial Sedavi parque comercial, comunidad-valenciana, España",46910.0,39.422176,-0.3748284000000001
"Centro comercial Sueca Parc, comunidad-valenciana, España",46410.0,39.2052307,-0.3196657
"Centro comercial Las Américas, comunidad-valenciana, España",46900.0,39.4267108,-0.482107
"Centro comercial Aqua Multiespacio, comunidad-valenciana, España",46023.0,39.4565114,-0.3462027
"Centro comercial Arena Multiespacio, comunidad-valenciana, España",46019.0,39.4941123,-0.3625505
"Centro comercial Carrefour Alfafar, comunidad-valenciana, España",46910.0,39.4204051,-0.3773487
"Centro comercial El Saler, comunidad-valenciana, España",46013.0,39.452904,-0.3554235
"Centro comercial Mercado de Campanar, comunidad-valenciana, España",46015.0,39.4775526,-0.3957607
"Centro comercial Nuevo Centro, comunidad-valenciana, España",46009.0,39.481068,-0.390529
"Centro comercial Plaza Mayor Xátiva, comunidad-valenciana, España",46800.0,39.0036417,-0.5276491999999999
"Centro comercial Gran Turia, comunidad-valenciana, España",46950.0,39.4647507,-0.4141312
"Centro comercial Montserrat Centre Abrera, cataluna, España",8630.0,41.5071489,1.9024922
"Centro comercial Magic Badalona, cataluna, España",8912.0,41.4486145,2.2459649
"Centro comercial Montigalá, cataluna, España",8917.0,41.4568041,2.2280477
"Centro comercial Baricentro, cataluna, España",8210.0,41.5082634,2.1381874
"Centro comercial Bulevard Rosa, cataluna, España",8007.0,41.3921875,2.1635914
"Centro comercial Diagonal Mar, cataluna, España",8019.0,41.4098468,2.2165097
"Centro comercial El Centre de la Villa, cataluna, España",8005.0,41.390274,2.1983383
"Centro comercial El Triangle, cataluna, España",8002.0,41.3858752,2.1691163
"Centro comercial Arenas, cataluna, España",8015.0,41.3763021,2.1493121
"Centro comercial Glóries, cataluna, España",8018.0,41.4049225,2.1914761
"Centro comercial Heron City Barcelona, cataluna, España",8016.0,41.4354238,2.1807818
"Centro comercial La Maquinista, cataluna, España",8030.0,41.440843,2.198482
"Centro comercial L´illa Diagonal, cataluna, España",8029.0,41.3895833,2.1352155
"Centro comercial Maremágnum, cataluna, España",8039.0,41.3746496,2.1823721
"Centro comercial Moda Shopping Port Olimpic, cataluna, España",8005.0,41.387349,2.1973456
"Centro comercial Carrefour Cabrera, cataluna, España",8349.0,41.52085,2.421
"Centro comercial L´Anec Blau, cataluna, España",8860.0,41.2824712,1.9855775
"Centro comercial Splau, cataluna, España",8940.0,41.3479487,2.0778892
"Centro comercial Llobregat Centre, cataluna, España",8940.0,41.3572105,2.0674786
"Centro comercial Barnasud, cataluna, España",8850.0,41.29542989999999,2.008084
"Centro comercial La Roca Village, cataluna, España",8430.0,41.6112208,2.3442788
"Centro comercial Sant Jordi, cataluna, España",8480.0,41.6636456,2.2689333
"Centro comercial Gran Vía 2, cataluna, España",8908.0,41.3588512,2.1296874
"Centro comercial La Farga, cataluna, España",8901.0,41.3632739,2.1047703
"Centro comercial Carrefour Manresa, cataluna, España",8240.0,41.7233786,1.8440185
"Centro comercial Can Cuyás, cataluna, España",8110.0,41.4660467,2.1708498
"Centro comercial Carrefour Prat, cataluna, España",8820.0,41.3348388,2.0886373
"Centro comercial Paddock Bulevard, cataluna, España",8208.0,41.5534921,2.0983151
"Centro comercial Alcampo Sant Adriá, cataluna, España",8930.0,41.4267956,2.2288807
"Centro comercial Alcampo Sant Boi, cataluna, España",8830.0,41.3287118,2.0476892
"Centro comercial Sant Cugat, cataluna, España",8174.0,41.4827618,2.0530254
"Centro comercial Centre Susanna, cataluna, España",8398.0,41.636847,2.7166932
"Centro comercial Eroski Tarrasa CERRADO, cataluna, España",8225.0,41.5748151,2.0126706
"Centro comercial Parc Vallés, cataluna, España",8223.0,41.5463884,2.0261215
"Centro comercial Viladecans The Style Outlets , cataluna, España",8840.0,41.3065,2.0258
"Centro comercial Vilamarina, cataluna, España",8840.0,41.3124074,2.024541
"Centro comercial Nou Centre Emporda, cataluna, España",17410.0,41.8091257,2.7435479
"Centro comercial Espai Gironés, cataluna, España",17190.0,41.9664929,2.7815772
"Centro comercial Carrefour Lleida, cataluna, España",25003.0,41.6173387,0.6132588
"Centro comercial Les Mates, cataluna, España",43700.0,41.2273591,1.5455641
"Centro comercial La Fira, cataluna, España",43201.0,41.1621685,1.1103032
"Centro comercial Carrefour Reus, cataluna, España",43204.0,41.1620433,1.1145493
"Centro comercial El Pallol, cataluna, España",43201.0,41.15602,1.11109
"Centro comercial Carrefour Tarragona, cataluna, España",43006.0,41.1281735,1.2061225
"Centro comercial Parc Central, cataluna, España",43005.0,41.1171539,1.2390176
"Centro comercial El Bulevar, castilla-y-leon, España",5004.0,40.6688439,-4.6599426
"Centro comercial Camino de la Plata, castilla-y-leon, España",9006.0,42.3492362,-3.6819008
"Centro comercial El Mirador, castilla-y-leon, España",9006.0,42.3586639,-3.6958678
"Centro comercial Parque Burgos, castilla-y-leon, España",9001.0,42.3197082,-3.7023616
"Centro comercial E. LeClerc Miranda de Ebro, castilla-y-leon, España",9200.0,42.6942901,-2.9523456
"Centro comercial Carrefour León, castilla-y-leon, España",24005.0,42.5864005,-5.557123700000001
"Centro comercial Espacio León, castilla-y-leon, España",24010.0,42.6124581,-5.5959509
"Centro comercial León Plaza, castilla-y-leon, España",24008.0,42.6055125,-5.5831351
"Centro comercial El Rosal, castilla-y-leon, España",24404.0,42.5559894,-6.6052119
"Centro comercial E. LeClerc Trobajo del Camino, castilla-y-leon, España",24010.0,42.59055439999999,-5.6202045
"Centro comercial Las Huertas, castilla-y-leon, España",34004.0,41.9915684,-4.516617699999999
"Centro comercial Carrefour Salamanca, castilla-y-leon, España",37005.0,40.98039560000001,-5.664455299999999
"Centro comercial Los Cipreses, castilla-y-leon, España",37004.0,40.9773124,-5.6491953
"Centro comercial Vialia Estación Salamanca, castilla-y-leon, España",37004.0,40.9722235,-5.6487959
"Centro comercial E. LeClerc Salamanca, castilla-y-leon, España",37900.0,40.9460143,-5.638984
"Centro comercial El Tormes, castilla-y-leon, España",37900.0,40.950392,-5.6493532
"Centro comercial Capuchinos, castilla-y-leon, España",37008.0,40.94936999999999,-5.6508695
"Centro comercial Luz de Castilla, castilla-y-leon, España",40006.0,40.9212127,-4.1125585
"Centro comercial Camaretas, castilla-y-leon, España",42190.0,41.7725237,-2.4987422
"Centro comercial RÍO Shopping, castilla-y-leon, España",47195.0,41.6293908,-4.7871938
"Centro comercial Carrefour Valladolid Parquesol, castilla-y-leon, España",47014.0,41.6355036,-4.7591098
"Centro comercial Vallsur, castilla-y-leon, España",47008.0,41.6234673,-4.7499589
"Centro comercial Equinoccio Park, castilla-y-leon, España",47610.0,41.6605571,-4.7729224
"Centro comercial Valderaduey, castilla-y-leon, España",49020.0,41.5143979,-5.747501199999999
"Centro comercial Vista Alegre, castilla-y-leon, España",49022.0,41.5205267,-5.7231539
"Centro comercial Albacenter, castilla-la-mancha, España",2006.0,38.9903918,-1.846771
"Centro comercial Imaginalia, castilla-la-mancha, España",2006.0,39.0087017,-1.8797397
"Centro comercial Carrefour Los Llanos, castilla-la-mancha, España",2001.0,38.9948428,-1.8536762
"Centro comercial Val General, castilla-la-mancha, España",2002.0,38.9924508,-1.8551551
"Centro comercial Carrefour Alcázar de San Juan, castilla-la-mancha, España",13600.0,39.3858342,-3.2364784
"Centro comercial E. LeClerc Ciudad Real, castilla-la-mancha, España",13005.0,38.9919557,-3.9363584
"Centro comercial Eroski Tomelloso, castilla-la-mancha, España",13700.0,39.1623161,-2.9944198
"Centro comercial Carrefour Puertollano, castilla-la-mancha, España",13500.0,38.7022774,-4.1012942
"Centro comercial Alcampo Cuenca, castilla-la-mancha, España",16002.0,40.0775355,-2.1507025
"Centro comercial El Mirador de Cuenca, castilla-la-mancha, España",16004.0,40.0539151,-2.1221917
"Centro comercial Ferial Plaza, castilla-la-mancha, España",19002.0,40.6219444,-3.1655556
"Centro comercial Guadalcarria, castilla-la-mancha, España",19004.0,40.6285914,-3.180849
"Centro comercial Fusión parque comercial, castilla-la-mancha, España",45007.0,39.8625154,-3.9806984
"Centro comercial Luz del tajo, castilla-la-mancha, España",45007.0,39.86300079999999,-3.9769006
"Centro comercial Puerta de Toledo, castilla-la-mancha, España",45280.0,39.9512216,-3.9933791
"Centro comercial El Golf parque comercial, castilla-la-mancha, España",45600.0,39.9663445,-4.7972394
"Centro comercial Los Alfares, castilla-la-mancha, España",45600.0,39.9633589,-4.797580099999999
"Centro comercial Valle Real, cantabria, España",39600.0,43.4271408,-3.8386324
"Centro comercial Carrefour El Alisal, cantabria, España",39011.0,43.45736309999999,-3.8619811
"Centro comercial Carrefour Peñacastillo, cantabria, España",39011.0,43.4449996,-3.854674599999999
"Centro comercial Bulevar Comercial Altamira, cantabria, España",39360.0,43.377452,-4.122347
"Centro comercial Carrefour Torrelavega, cantabria, España",39300.0,43.3403841,-4.0324957
"Centro comercial Arrecife, islas-canarias, España",35500.0,28.96572329999999,-13.5531972
"Centro comercial Atlántico Fuerteventura, islas-canarias, España",35610.0,28.3861885,-13.8648996
"Centro comercial El Campanario, islas-canarias, España",35660.0,28.7286215,-13.8647418
"Centro comercial Las Palmeras, islas-canarias, España",35660.0,28.731422,-13.8709048
"Centro comercial El Mirador de Jinámar, islas-canarias, España",35220.0,28.0323014,-15.4055283
"Centro comercial Tamarana, islas-canarias, España",35018.0,28.1000876,-15.4716196
"Centro comercial 7 Palmas, islas-canarias, España",35019.0,28.0976722,-15.4554596
"Centro comercial El Muelle, islas-canarias, España",35008.0,28.1417997,-15.4274003
"Centro comercial Las Arenas, islas-canarias, España",35010.0,28.1290264,-15.4495803
"Centro comercial El Tablero, islas-canarias, España",35109.0,27.7673413,-15.6015023
"Centro comercial La Marea, islas-canarias, España",35120.0,27.7588237,-15.6793568
"Centro comercial Deiland Plaza, islas-canarias, España",35509.0,28.9568546,-13.586778
"Centro comercial Biosfera Plaza, islas-canarias, España",35510.0,28.9230118,-13.6687472
"Centro comercial Las Rotondas, islas-canarias, España",35600.0,28.4962538,-13.8635412
"Centro comercial Bellavista, islas-canarias, España",35100.0,27.7677783,-15.5759819
"Centro comercial Cita, islas-canarias, España",35100.0,27.7529517,-15.5746109
"Centro comercial Faro 2, islas-canarias, España",35100.0,27.756876,-15.5921182
"Centro comercial Plaza Maspalomas, islas-canarias, España",35100.0,27.7600566,-15.5681599
"Centro comercial Alcampo Telde, islas-canarias, España",35212.0,28.0114001,-15.3867817
"Centro comercial Las Terrazas de Jinámar, islas-canarias, España",35220.0,28.0279346,-15.3938128
"Centro comercial Gran Sur, islas-canarias, España",38660.0,28.087693,-16.728154
"Centro comercial Siam Mall, islas-canarias, España",38660.0,28.06955,-16.7220796
"Centro comercial Galeón Outlet, islas-canarias, España",38670.0,28.1166667,-16.7305556
"Centro comercial Plaza del Duque, islas-canarias, España",38660.0,28.0909547,-16.7391483
"Centro comercial San Eugenio, islas-canarias, España",38660.0,28.0773765,-16.7318029
"Centro comercial Punta Larga, islas-canarias, España",38530.0,28.3645363,-16.3663139
"Centro comercial La Villa 2, islas-canarias, España",38312.0,28.3956785,-16.5474216
"Centro comercial Las Pirámides de Martiánez, islas-canarias, España",38400.0,28.4157308,-16.5431485
"Centro comercial Alcampo La laguna, islas-canarias, España",38205.0,28.4628187,-16.3062895
"Centro comercial Sansofe, islas-canarias, España",38611.0,28.0719802,-16.5532928
"Centro comercial Meridiano , islas-canarias, España",38005.0,28.4577474,-16.2579994
"Centro comercial Pasarela, islas-canarias, España",38650.0,28.0525417,-16.7068528
"Centro comercial Trocadero, islas-canarias, España",38760.0,28.6575057,-17.9120534
"Centro comercial Parque Bulevar, islas-canarias, España",38002.0,28.4705236,-16.2516888
"Centro comercial Añaza Carrefour, islas-canarias, España",38111.0,28.4266908,-16.3014076
"Centro comercial Tres de Mayo, islas-canarias, España",38003.0,28.4589233,-16.256171
"Centro comercial FAN Mallorca Shopping, islas-baleares, España",7007.0,39.5535902,2.7067559
"Centro comercial Carrefour Coll D´en Rabasa, islas-baleares, España",7007.0,39.552596,2.7063871
"Centro comercial Alcampo Mallorca, islas-baleares, España",7141.0,39.6162568,2.7043849
"Centro comercial Festival Park Outlets –, islas-baleares, España",7141.0,39.6315997,2.7318537
"Centro comercial Carrefour Palma, islas-baleares, España",7010.0,39.5946928,2.6448267
"Centro comercial Ocimax Mallorca, islas-baleares, España",7010.0,39.595122,2.6485207
"Centro comercial Porto Pi Centro, islas-baleares, España",7015.0,39.5512344,2.621317
"Centro comercial S´Escorxador, islas-baleares, España",7010.0,39.5846355,2.6498857
"Centro comercial El Atrio, asturias, España",33401.0,43.5573526,-5.924499399999999
"Centro comercial Valle del Nalón, asturias, España",33946.0,43.2877778,-5.6305556
"Centro comercial Alcampo Gijón, asturias, España",33211.0,43.5107857,-5.6935667
"Centro comercial Carrefour La Calzada, asturias, España",33213.0,43.5363632,-5.6955654
"Centro comercial Los Fresnos, asturias, España",33209.0,43.5326409,-5.6613564
"Centro comercial Opción Gijón, asturias, España",33204.0,43.5338855,-5.6491275
"Centro comercial San Agustín, asturias, España",33202.0,43.54111109999999,-5.6594444
"Centro comercial Carrefour Azabache, asturias, España",33420.0,43.4142272,-5.7959439
"Centro comercial Caudalia, asturias, España",33619.0,43.2289784,-5.781299700000001
"Centro comercial Centro Cívico Comercial, asturias, España",33005.0,43.3597156,-5.856514199999999
"Centro comercial Los Prados, asturias, España",33011.0,43.3704363,-5.830813099999999
"Centro comercial Modoo, asturias, España",33005.0,43.3584022,-5.860848300000001
"Centro comercial Salesas, asturias, España",33002.0,43.3658591,-5.8497552
"Centro comercial Intu Asturias – Parque Principado), asturias, España",33429.0,43.3892086,-5.8043201
"Centro comercial Parque Astur, asturias, España",33468.0,43.5460198,-5.869948099999999
"Centro comercial Coso Real, aragon, España",22006.0,42.1470025,-0.4258456
"Centro comercial Eroski Jaca CERRADO, aragon, España",22700.0,42.57732660000001,-0.5296575
"Centro comercial Carrefour Jaca, aragon, España",22700.0,42.5769868,-0.5281293
"Centro comercial Alcampo Los Enlaces, aragon, España",50012.0,41.6438414,-0.9357892999999999
"Centro comercial Aragonia, aragon, España",50009.0,41.6398508,-0.9090952000000001
"Centro comercial Augusta, aragon, España",50011.0,41.6590259,-0.9197219
"Centro comercial Carrefour Actur Zaragoza, aragon, España",50018.0,41.6765747,-0.8900446999999999
"Centro comercial Grancasa, aragon, España",50018.0,41.6704391,-0.8900132
"Centro comercial Independencia El Caracol, aragon, España",50004.0,41.6500749,-0.8833777
"Centro comercial Plaza Imperial, aragon, España",50197.0,41.6341098,-0.9851671
"Centro comercial Puerta Cinegia, aragon, España",50003.0,41.6526498,-0.8807033
"Centro comercial Puerto Venecia, aragon, España",50021.0,41.6092474,-0.8870799
"Centro comercial Utrillas Plaza, aragon, España",50013.0,41.6401303,-0.8669110999999999
"Centro comercial Alcampo Utebo, aragon, España",50180.0,41.7023062,-1.0029145
"Centro comercial Parque Melilla, melilla, España",52006.0,35.2709656,-2.9384492
